Index,mouse_sample,G-CSF,Eotaxin,GM-CSF,INFg,IL-1a,IL-1b,IL-2,IL-4,IL-3,IL-5,IL-6,IL-7,IL-9,IL-10,IL-12p40,IL-12p70,LIF,IL-13,LIX,IL-15,IL-17,IP-10,KC,MCP-1,MIP-1a,MIP-1b,M-CSF,MIP2,MIG,RANTES,VEGF,TNFa
,1-1L,4998,775.5,54.5,98,96,70,88,353,79,53.5,124,88,114,103,122,37.5,94,126,197,89.5,120,570.5,199,68,82,818,62,46,472.5,2508,338.5,73.5
,1-1L,3528,119.5,51,76.5,90.5,75.5,146,242.5,72,58,95.5,55,94,37,121.5,42,78.5,97,124,22,93,271.5,155,18,45,673,78,13,382.5,1618,210,47
,1-1T,747,7392,44,2503,177,83,102,74,91.5,60.5,1741,77.5,95,144,108,45,450,94,178.5,81,82.5,41009.5,287,1535,181,759,107,70,8581,971,5763,84
,1-1T,583,6962.5,49,2380,93,77,98,69,63,63,1536,46,78.5,105,97,44.5,441.5,106,66.5,95,68.5,44063,250.5,1197,143.5,721,105,64.5,8342,816,6297,59
,1-2L,237,1231,46,186.5,54,91,109,545,97,51,1936,89.5,205,107,80,48,304.5,145,155,69,103,2957,117,115.5,95.5,885.5,77,64,4107,3440,153,69
,1-2L,287.5,823,54,221.5,54,61,78.5,450,74,33,1707,69,189,110,95,32.5,341,136.5,104,73.5,87,2964.5,128,153,70,748,69,55,2926.5,4551,186,74.5
,1-2T,721,9086,38.5,978,83.5,75.5,127.5,204,97.5,60.5,2621.5,67,74,131,105,38,614,86,102.5,83,104,49082,308.5,1007,162,795,109,95,9835,1275,8211.5,68.5
,1-2T,733,9377,36,1079,101.5,84,128,214.5,111,58,2525,71,69.5,143.5,125,48,652,107,108.5,86,73,50192,320,1226,186,857,142,104.5,10726,1241,9340,76.5
,1-3L,214,336,51,169,74,89,144,324,60,41,360,76.5,158.5,105,81,56,97,86,111,97.5,59,2143.5,144,77.5,85,750,116,45,828.5,2745,220,93
,1-3L,178,237,39.5,139,62,63,79,275,77.5,37,296,72,104,93,95,21,117.5,83,92,76,71,1753,83,48,41,893,66,50.5,439,2053,170,67
,1-3T,1934,9585,54.5,186,120,71,121,732.5,237.5,55,9370,86,82,128.5,117,62,1724.5,107,241.5,89,98.5,30335,2814,591.5,801,854.5,106,29167,3442,549.5,4853,66.5
,1-3T,1784,9599,37,175,98,72,96,745,233,48,9392,69.5,89,119.5,116,60,1822,88,239.5,91,94,30878.5,2557.5,555,793,858,123.5,29398,3065.5,580,5307,81
,1-4L,822,625.5,41.5,99,63.5,62,105,559,71,48,166,91,120,102.5,98,39,123,127,141,69,83,1666,129,39,39.5,748.5,76.5,46.5,1253,2901.5,183,87
,1-4L,799,499,45,116.5,58,45,85,493,88,34,164,77,123,80,82.5,37.5,120,113,148,67.5,72,1517,138.5,47,53,773.5,68.5,38.5,885,2894.5,147.5,72
,1-4T,574,12667,43.5,1434,135,84.5,116.5,150,84,51,3780.5,82,105,141,109.5,55,865,91,113,89,97.5,34487,604,1514,217,824,122,493,11648,1454,6640.5,79
,1-4T,671,12503,55,1462.5,130,75,158,115,110,74.5,3914,76,107,101,120,55.5,870,99,138,80,88.5,35782,626.5,1548,200,727,141,498,11736.5,1447,6697,75
,1-5L,83,172.5,64.5,94.5,51,71,101,392,68,51,107,66,113,95,102.5,38,68,101,107.5,63,63,470,154,45,55,751.5,52,48,714,2018,90,55.5
,1-5L,96.5,373,28,102.5,67,62,82,404,83,42,132,72.5,122,119.5,98,37.5,80,100,133,68,92,741,146.5,51,48,753.5,63,47.5,715.5,2052.5,97,79
,1-5T,679,16698,43,6861.5,106.5,85,129,76,76,109,1255,109,62,166,169.5,41,565.5,153,146,109.5,111,55188,286,2906.5,1901,919,165.5,94,17585,2954,11228,92
,1-5T,589.5,13988.5,44,6112,148,87,117,91,88,99,1115,70,83.5,134,121,38,533,109.5,100,91.5,82,49070,260,1830,1540,925.5,146.5,88,14476,2479.5,10089,77
,1-6L,1688.5,1386,44,135.5,82,83,83,506,69,52.5,224,77,140,107,112.5,52,177.5,117,183,67.5,125,2365,189.5,64,81,768.5,89.5,41,3804,3199.5,239,69.5
,1-6L,1538,1272.5,58,159.5,80,107,116.5,478,76,48,222,76,145.5,127.5,112.5,43.5,162,141,156.5,85,137,2122,182.5,73,94,752,99,39,3297,2779.5,205,81.5
,1-6T,641,5163,39,541,163,92,120,175,128,75,5470,72,89,149,171.5,58,996.5,137,219,67,101,41333.5,1227.5,1454.5,228,882,115.5,6004.5,6052,579,9448,87
,1-6T,588.5,3155.5,51.5,384,115,56,111,150,89,57.5,5850,59,72,131,125.5,45,874.5,85,166.5,57.5,81,39274.5,1037.5,1411,225,711,104,5158,5203,465,8669,70.5
,1-7L,1965,448,53,128.5,130,90.5,94,416,61,44,128,82,147,130,130.5,48,86,124,198,71.5,116,836,271,43.5,79.5,811.5,78.5,47.5,405,1693,277,68
,1-7L,1110,215,56,124,110,75,213.5,262,88,37,132,48,152,122.5,130,25.5,88,94,177,74,103,716,158,51,96.5,862.5,86,65,354.5,1997.5,200,85.5
,1-7T,622,4642,39,164,133,90.5,111,159,160.5,50.5,2099,72.5,77,113,134,40,587,86.5,111,70.5,76,25721,266,917,118,818.5,87.5,155,3342.5,532.5,5835,62
,1-7T,609,7065,43,122,121.5,71,116,156,148.5,47,2079,67.5,113.5,125,131.5,37,527,74,125,59.5,77,26368,254,886,104,813,61,141,2916,447,5966.5,55
,1-8L,181,132,40.5,152,56.5,79,128,440,73.5,38,110.5,61,190,91.5,120.5,31,66,119.5,99,57,61.5,412,120.5,88,91,856,63,44.5,779,2822,109,74
,1-8L,239,283.5,57,147.5,78,74,117,563,76.5,47,126,88,232,82,128,36,73.5,128.5,122,74,84.5,922.5,144,62,85.5,831,59,62,858.5,2565,183,70
,1-8T,780,13931,67,3080.5,130,100,100,139,95,76,1036,103,94,126,160,39,443,108,94,94,84.5,53199,291,1605,1251,908.5,322,224,15599.5,3478.5,11420,99
,1-8T,727,13380,48.5,2928,150,73.5,107.5,111,45,79,997,71,124,143,94,34,412,104,111,65,127,49371,201,1408,1078,741,257,216,13977,3234,9931,70
,1-9L,220.5,415,52,194,39.5,49,91.5,605,50,51.5,273,60,200,70,95.5,40.5,138,132,119,60,62,1436.5,92,62,87,772,54,51,1797,3493.5,160,49
,1-9L,174,265,48,156,65,55.5,143,494,69,41.5,238,68,195,81,115.5,19,145.5,114,107,61,72.5,1281,127,69.5,86,693,48,50,1115,2651.5,172,76
,1-9T,659,6680.5,41,417,100,90,109,78,51,54,2337,88.5,92.5,115,109.5,43,509,93,97.5,78,73,40478,189,536,84,728,82.5,57.5,5104,425,7789.5,97.5
,1-9T,553,4445,43.5,422,131,84,143,63.5,76,51,1962,64,81,116,142,53,454,78,157,79,108,37702,351.5,719.5,70,723,103,58.5,4716.5,726,6105,71.5
,2-1L,6869,15892,49,9682.5,145,83,117,1800,135,3297,678,97,146,177,115,59,1129,189,124,94.5,115,8333,293,447,241,854.5,61,81,19637.5,3566,226,85
,2-1L,6898,16142.5,47,9670,115.5,69,121,1751,122,3138,633,77,133,170.5,158,38.5,1015,180.5,193.5,96,113.5,8557,227,414,209.5,846.5,56,56,20551,3730.5,102,79
,2-1T,2094,15504.5,63,839,155,107.5,327,557,117.5,2681,7862,83,110,123,94,51.5,1061,107.5,254,76,99,41310,1266,4367.5,2349,1073,243,39020,17681.5,1080,7660.5,109
,2-1T,1382,13624,46,607.5,179,129,250.5,294.5,99,1217.5,6996.5,69,85,152,107,54,727,137.5,267.5,75.5,74,37054,1041,3163,2173,1001.5,226,30508.5,16058,985,7032,104
,2-2L,2687,7645.5,48.5,1924.5,119,75,105,740,70,733.5,322,80,136,157,151,53,614,178,180.5,73.5,134,8095,199,148,133,755,89.5,60.5,18450,2872,305,72.5
,2-2L,1757.5,2781,58.5,1755.5,108,54,110,421,93,420,229,80,128,121,124,40,401,151,187,64,89,6425.5,158.5,108.5,105,743,85,33,15498,3159,247.5,85.5
,2-2T,798,15434,42.5,3019,112,70,98.5,207,80,762.5,1123,61.5,70.5,110.5,110,49,773,70,111,77,84.5,43322,266,1949.5,394,847,142,1234.5,16429,1999,2424,103.5
,2-2T,899.5,17147.5,56,2835,99,86.5,118,216.5,82,767.5,1097,88,57,156,126.5,46,803,141,124,89,126.5,45936,263,1455,347,780,186,1238,17228,2077.5,2401,100
,2-3L,282,1033,59,1966,67,43,97.5,793,75,184,242,69,162,109,111,45,322,173,134,58.5,71,6614,106,121.5,84,783,81,63,8498,1899,143,87
,2-3L,269,1406,73,1855,80,64,91.5,703,85.5,181,270,93,176,140,146,40,277,222,99,61,78.5,6594,136.5,112,99.5,992.5,50,67.5,7867,1517,206,88
,2-3T,764,11147,41,6603,170,114,123.5,178.5,90,486.5,772,70,94.5,118,104,45,399,114,151,73,68,41842.5,253,1164.5,1751,1078,186,8686.5,7874.5,1864,6706,84
,2-3T,825,11006.5,46,6324,171,57.5,106,149,76.5,398,760,83,98,118.5,83,23.5,298,91,153,68,60,40084,241,1085,1545,1065,130,6770,7695,1624,5837,75
,2-4L,2082,5962.5,46,351,112,60,92,864,88.5,982,282,82,124,153.5,132,47,261,136,195,77.5,131,2951,231,114,85,749.5,82,54,7896,2192,260,69
,2-4L,1933,6086,67,354,114,77.5,110,832,87.5,985,261,73,142,125.5,136.5,56.5,260,132,215,88.5,119,2761.5,200,124.5,93,719,72.5,52,8266,2165,215.5,74
,2-4T,1666,18453,43.5,1898,127,87,170,202,92.5,9595.5,2033,78.5,106,129,90.5,45,592.5,120.5,100,102.5,81,50400.5,332.5,1856,181,723,171,664,19371.5,1157,3295,79
,2-4T,1126,14819,59,1579.5,149.5,80,200,160,95,6185,1605,86,104,182,120,40,386,122,178,69.5,109,41565,302,1580.5,148,788,185,460.5,18273,965,3075,83.5
,2-5L,1040,12026,65,966,136,90,215,2388,126.5,13880,564,107,178,245,163,65.5,592,209,243,80.5,110,5890,192,206,160,852,107.5,75,15668.5,2089,199,74.5
,2-5L,1010,15797,50,1145,99,63,73.5,2349,159,15672,573,80,176,220,120,42.5,608.5,187,173.5,99,122.5,7972.5,170,198,163,858,66.5,53,16295,2128,202,65
,2-5T,547.5,18842.5,72,1927.5,196,84.5,97,213,79,6595,715,79,149,164,124,50,669.5,116,184,80,70,35574,248,1487.5,803.5,959,242,13317,22760,2141,6723,103.5
,2-5T,487,18735,60.5,2077,189.5,78,113,236,100,6153,857,84,128.5,177.5,130,47,655,87.5,224,82.5,115,31826.5,290,1587,906,944,238,12385.5,20123,2073,5520.5,106.5
,2-6L,1943.5,7401,86,407,161,80.5,272,903,159,406,481,99,134.5,216.5,179.5,63,638.5,274,276,65,173.5,12514.5,268,183.5,124,816,110.5,94,15669,1338.5,191.5,112
,2-6L,1369,5079,83,10636.5,120,68,99,681.5,97,284,369,67,126,150,154.5,72,500,158,238,75.5,122.5,9985.5,200,126,95,727,75,78,16072,2474,163.5,79
,2-6T,7583,13304,68.5,13323,158.5,108,620,64,66,454.5,15923,67,131,136,107,67.5,599,129,607,100.5,74,45473.5,344,1652,1024.5,901,114,61121,13280,696,21337.5,110.5
,2-6T,2542,14104.5,51,11545,211.5,127,532,107,96,578,12088,63,124,80,145.5,48,592,94,561.5,68,73,47520.5,730.5,1488.5,1199.5,881.5,110,57386,12839,742.5,17856,85
,2-7L,243,2962,51,3783.5,103,69,123,649,88,392.5,374,80,109,122.5,108.5,31,495.5,136,146,69,103.5,6369,176,280,195.5,861,83,57,15554,2341,110,66
,2-7L,162,4846.5,54.5,3760,100,56,118,673.5,73,382.5,380,64.5,129,131,128,48,408,121.5,118,79,96,6392,179.5,149,166,822,66,65.5,14518,2450,95.5,87
,2-7T,1363.5,18782,39,8062.5,193.5,89,223.5,199,89,1601,934,95,72,135.5,124,46,795.5,147,153,83.5,67,33839,285,2487.5,799.5,982,211,3595,19545,2811.5,6866,105.5
,2-7T,1372,17623,60,7770,131,53,199.5,205,95.5,1248,923,71,97,99,94.5,37,628,128.5,140,72.5,91,34498,287.5,2961,718,801,139,2974,17582,2298,5899,67.5
,2-8L,1419,15290.5,62,18158,131,70.5,78,783.5,95.5,787,571,79,122,121,124,67.5,695.5,142,163,89.5,119,11165,198,204,221.5,813,71,83,19036,2801,137,112
,2-8L,1612,14529,46.5,17739,107.5,75.5,102.5,760,110,1540,531,92.5,125.5,167,142,75,589.5,216,206,69,146.5,10535.5,228,201.5,260,935.5,105,72,18897.5,2753,161.5,71
,2-8T,906,15412,71.5,12387,142.5,89,112,151.5,71,341,750,100,63,113,94,65.5,462,94.5,131,72,47.5,38234,317,1912.5,1803,1039,326,1834,16195.5,2420,3635.5,72.5
,2-8T,1094,6617,70,14063.5,157.5,107,124,204,86,802,838,71,102,133,88,46,642,91,137.5,90,76,39182,493,3284,2056,1024,423,2152,16564,2548,4116,102.5
,2-9L,1712.5,11158,77.5,7649,87,57,89,792,77.5,734,493.5,83.5,120,207,124,38,850,201,154.5,83.5,114,9453,278,198,113,732.5,70,65,18850.5,3192,183,111
,2-9L,1388,10874,61,7699,109.5,82,135,712.5,83.5,594,507,67,105,147,149,43,879,195,193.5,92,98,9587.5,179.5,167,155,873,72,73.5,17138,2466,121,112
,2-9T,2264,16457.5,45.5,12649,218,157,238,201,124,1556.5,7245.5,74,124,158.5,135,47.5,1037,131,225.5,108,99,56877,493,2198,1391.5,944,565,32706,20782.5,1935,13237,145.5
,2-9T,2250.5,15181,58,12737,215,197,217,209,127,1605.5,7403,97,104.5,149,144.5,58,1079.5,185,222.5,92,119,55766.5,442,1970.5,1505,1121,532,31364,21418,1902,13393,157
,3-1L,1932,14860.5,59,85026,186,76,110,175,90.5,636,1694,90.5,125.5,231,154.5,47,1027,143,135,113,88.5,13764.5,257,822.5,479.5,871,69,39,22204.5,4358,218.5,105
,3-1L,1874,12701,73,78237.5,166,93,84,264,82,482.5,1684,98,178,166,140,81.5,1093,155,133,108.5,116,13853,261,760.5,425,1273,69.5,27.5,20979,3905,225.5,111
,3-1T,2930,16797,54,4572,344,129.5,162.5,129,94,252,4459,97,90,115,113,43.5,859,138,217,90,110,48746.5,970,2416,1122.5,989.5,366,37355,22066,2789,6400,120
,3-1T,2546,16388,42,4334,314.5,140,156.5,150,91,243,4229,89,102,169,126,64.5,794.5,124,216,69.5,76,43045,794,2175,1116,900.5,370,37748,18671,2525,6221.5,132
,3-2L,2439,17903,75,111290,291,137,110.5,499,82.5,1985,4495,110,153.5,196,233.5,53,1200,229,189,113,162,21858,411,1265.5,619,1245.5,105,91.5,23801,5039,225.5,194
,3-2L,1976,16486.5,45,109555.5,236,58.5,125,458.5,105.5,1217,3635,89.5,131,278.5,159,33,990,193,220,110,116,23373,322.5,1095.5,482,1054.5,94,84,23107,5668.5,228.5,160
,3-2T,1871,18248,42.5,5935,162,134.5,218,91.5,87.5,248,2430.5,67.5,99.5,193.5,150,42,668.5,106.5,152,84,83,52112,437,1830,335.5,690,257,7458.5,18550,1955,11863,85
,3-2T,1761,16739,36.5,5711,147.5,93.5,189.5,146,60.5,136,2267,85,86,198,134,36,589.5,66.5,164,73.5,77,53985,359,1797,376,765,199,6728,18989.5,1968.5,10468.5,64.5
,3-3L,1546.5,18620,83,143498.5,296,121,173,266,109,1083.5,4166,99.5,134,241.5,196.5,61,1850,188,214,89.5,156,13458.5,408.5,1682,561.5,1245.5,100,123,21511,7292.5,171,153
,3-3L,1501,19313.5,64,153502,266,99,115.5,308,104.5,1163,5185,94,77.5,305,230,64,2409,224,213,121,182.5,18415,382,1790,850.5,1244,107.5,65.5,21800,7029.5,210,168
,3-3T,4083,15526.5,65,7172,221,126,739,148.5,76,404.5,6014,83,126,169.5,137.5,45,1008,100,352.5,114,112,52956,1224,2197,2707.5,970,281,53731,20840,1544,20204,125
,3-3T,4069,14862,66,7540,215,100,747,178.5,79,429.5,5968,99.5,95,190,132,46.5,978,135,344.5,108,73,51904,1250.5,2298,2652,1083,261,55292.5,22390,1541.5,19961,106.5
,3-4L,1385,17718.5,91,137230,365,102,122.5,288,76,1313.5,4665,101,98,220,178,73,2051,264,242,81.5,181,21337.5,546,1826.5,800,1079,102,96,22945,7008,249.5,203
,3-4L,1284,17049.5,66.5,134882.5,330,91.5,116,206.5,73.5,942,3738,82,126,198.5,163,39,1719,207.5,208,86,179,18229.5,376,1256,670,1052,99.5,72,19244,6415,224,134.5
,3-4T,43785,15017,175,14789,582,325,656.5,638,327,530,57339.5,77,136,146,119,90,6253,212,1742.5,102,133,41611,20516.5,2207,36962,5655,186,80886,12649,1518,27074,670
,3-4T,15751,13037,135,13610.5,615,303,710.5,558,315,426.5,58033,86,155,138,128,85,6127,245,1317,90.5,114,38419,18089,2151.5,33469,5436,157,70570,13321,1420.5,26218,596
,3-5L,3858,15366,70,68881,205,77,129,357,111,272,2454.5,103,129,272,152,54,1400,213.5,230.5,84.5,142.5,18550,405,678,635.5,1043.5,90,79.5,19892,4699.5,286,123
,3-5L,4066,14476,68,31526.5,248.5,89,162,387.5,125.5,574.5,2344.5,112.5,146,239,210,68,1329.5,235,309,105.5,166,16607,497,877,541,1066.5,114,79,13757.5,3975,327.5,122
,3-5T,2614,13064,55,2624,128.5,79,180,80,63,147,5010,65,75,111,74,34,655,112.5,152,67.5,102,34024,602,845,289.5,728.5,122,3899.5,15294.5,947,4909,79
,3-5T,1350.5,7051.5,48,2669,198,73,151,64,84,260.5,4772,96,99,108.5,109,38.5,249.5,71,151.5,86,84,25582,545,910.5,275,976.5,158,3498,9449,938.5,3690.5,77
,3-6L,813,1719,58,37910,310,80,169,324,107,404,2695,88,148.5,179,209,57,411,166,184,80,115,3019.5,483.5,1451,372,1046,80,80,11637,1132,219,108
,3-6L,877.5,606,57,84286,229,74,133,203,97,317,2011,71,131,135.5,169.5,40,601,134,164.5,85,107,715.5,412,974.5,491,1016,70.5,67.5,2960,432.5,143.5,103
,3-6T,142,4667,32,1262,165,67,213.5,78,77,65,129,53,83,70,95.5,34,187.5,58,115.5,56.5,89,29398,549,159,628,886,87,370,2945,807,526,73
,3-6T,536,5846,44,7729.5,266,74,316,54,71,186,1257,77.5,96,92,83,52.5,138.5,63,205.5,70,72,15851,761,1838.5,779,890.5,91,7270,2834,1597,1785,93
,3-7L,755,12066.5,116,112296,184.5,84,115,299.5,126,238,2856,72,449,176,187,56.5,936.5,225,255,75,138.5,33816,324,1054,468,1132,78,58.5,23963,5811.5,278,137
,3-7L,844.5,15038,62,115141,202,82.5,102,364,123,473,4516,84,496,194,237,52,1160,219,238,96,202,34221,385,1203,820.5,972,102.5,87,24032.5,5451.5,316,138.5
,3-7T,621.5,15931,45.5,853.5,99,70,95,98,63,174,1091,58,101,123,127,44,542.5,68.5,102,77.5,75.5,35204,216,1155,174.5,819,105,1043,13997,2630.5,5412,85
,3-7T,675,16835,47,192,93,59.5,98,58,75,81,729,31,73,77,114,41,99,71,108.5,30,65.5,35331.5,192,599,75.5,794.5,89.5,994,14185,251,186,69
,3-8L,2258,16832,47.5,117385,193,77,149.5,663,83,2560,3314,91,173.5,218,101.5,57.5,1264,214,158,90,128,17615,397,1046,354.5,1026.5,81.5,78,20817,4543.5,274.5,116
,3-8L,2302,17811,70,123745.5,234,38,64,831.5,111,2296.5,3838,117.5,166,244,138,33,1370,257,209,72.5,131,20852,442,1157,458.5,1230,96,64.5,23870,4925,198,134
,3-8T,2899,17320,60,6912,167,96,325,92.5,89,255.5,4443.5,72,75.5,91,142,49.5,861.5,98.5,243,92,69,48977.5,727,2498,676,839.5,326.5,31248.5,16183,2414,11352,115.5
,3-8T,2200,15720,74,5520.5,151.5,98,302.5,155,81,379,4558,65.5,85,148,136,18,667,119,341,86.5,84.5,52135,848,3156,701.5,876,254,29548.5,22216,2290,10767,88
,3-9L,625,1666.5,42,9080,69,37.5,33,96,38,214,687,40,53.5,39,78.5,37,110,62,75,38.5,37,2165,79.5,250,72,88.5,48.5,30,2384,686,67,33
,3-9L,4158,17412,76.5,144678,338,51,139,373,82,753,4002,98,133.5,310,191,49,849,177.5,180,77,134,14536.5,487,1670,834.5,1128.5,78,85,21916,6176,259,137
,3-9T,437,17093,44,620,96,67,112,169,63.5,460.5,313,79,109,143,111,39,427,79.5,133,68,94.5,38396,196,994,139.5,653,77,81,17062,2772,2733,74.5
,3-9T,333,15220.5,34,506.5,130.5,40,124,109,49,384,273,56.5,84.5,111,103,46,383.5,87.5,90.5,64,65,33145,149,966,93,730,84,107.5,15715,2073,2184.5,67
,4-1L,374.5,2215,114,96486.5,175,78.5,84,272,144.5,82,4956,100,377,233,164,69.5,601,354,155,81,268,23014,373.5,929.5,718,961,101.5,44,20007,6196,199,226
,4-1L,427,2717,124,92798,264,83.5,166,280,183.5,106,5756,104,445,214,226,114,655,364,247,111.5,289,25235,408,900,1003.5,941,107,81,19672.5,6247,219,259
,4-1T,769.5,11944,55,946,106,67,95,81.5,64,72,1534.5,75,74.5,119,117,57,554,107,97,76,104,43877.5,266,1327,351.5,732.5,135.5,539,13102,1332.5,3037,116.5
,4-1T,684,11477.5,18,1126,92,68,91,99,71,86,1621,87,61,98.5,84.5,56,584.5,94,100,80,78.5,45843.5,287,1431,323,739,122.5,667.5,11841.5,1389,2213.5,92
,4-2L,384,2250.5,53,110931,172,69,101,231.5,98,71,4756,83,200,155.5,159,51,578,239,133.5,88,133.5,23338,283,928.5,801.5,969.5,77,52.5,17741,6226,133,242
,4-2L,406.5,2731,62,107046,154,79.5,118,236,89,85,4661,92.5,237,168,189,51,583,208,138,73.5,139.5,20690,242,866,779,1161,81,82,17594,6574.5,152.5,260
,4-2T,555,14151,45,2441.5,141,78,75,101,69.5,106,683,71,120,148,119.5,36,479,81,118,57.5,82,46387.5,269,1570,330,798,93.5,511.5,13883,1687,6646.5,99
,4-2T,541,12632,35,2254,158,57,82,110,121,87,654,76.5,133,88,126,45,474,112,72.5,90,91,44953,260,1640,319.5,686,118,442,14210,1343.5,7213.5,72
,4-3L,452.5,3346,49.5,139196,194,77.5,79,131,92,59,2650,74,120,136,140.5,32,349.5,127,141,65.5,93,20597,179,595.5,658,1133,69.5,54,18167,6409,118,142
,4-3L,546,4115,53,138965,231,98.5,88,164,91,73.5,3323.5,74,133,139,168,48,456,151,147,80,104,21615,227,647.5,786,1018,50,64,18666,6308,190,192
,4-3T,404.5,16663.5,60,1385,124,74,114.5,162,82,409,1160.5,76,94.5,134,127.5,49.5,407.5,90,122,82,105,37204.5,276.5,1833,307,811,117,3151,17351.5,1071,18511,63
,4-3T,479.5,18689,52,1501,111,63.5,105.5,145.5,75,486,1232,91,90.5,115,149,44,464.5,92,136,103,91,38558,312,2043,305,734,134.5,3711,17055,1375,17353.5,83
,4-4L,3480.5,4639,64.5,34348,175,86,134,290,97.5,56.5,1735,74.5,111,156.5,161.5,68,380,185,143,98.5,96,17174.5,276.5,365,323,980,84,66,17481,4913,218,105
,4-4L,3276,2420.5,53.5,29271,125.5,54,134,261,86,52.5,1629,94,125,155,142.5,34,248,128,136,77.5,101,16850,231.5,453.5,301.5,891.5,70,55.5,17208,3769,162,78
,4-4T,412.5,8330.5,38.5,550,89.5,81,90,102.5,78,41.5,900.5,68,75.5,128,123,45,512,98,120,92,88,30624,186,688,159,736,130,153,6849,964,10538,83
,4-4T,398,7993,37,538.5,75,60,96,88.5,83.5,51,870,69,64,120,139,44,551,100.5,127,79.5,77,30902,180,639,162.5,680,124,147,6564,855,10068.5,70.5
,4-5L,912,8652,196,124671,830,160,584.5,1041,381.5,193,12036,261.5,350.5,507,584,150,1516.5,692,717,152,428,23535,2398,7683,2114,2172,231.5,153.5,33827.5,6590,281,436
,4-5L,170.5,402,97,45196,260.5,69.5,90,168,101.5,57,2054,63.5,125,115,152,52,165,154,180,60,107.5,2967,254,699,712,944,65,65,6709,946,115,122.5
,4-5T,495.5,14153,61,730,153.5,73,124,88,81,63,660,56,102,115.5,139,38,526.5,122,113,66,85,40848,217.5,1058.5,177,772,140,315,12932.5,1286,8502.5,97.5
,4-5T,357.5,12179,32,596.5,119,93,139.5,107,120,50,595,68.5,94,144.5,102,37,451,114.5,107.5,53,71.5,37112,191,786.5,168.5,718,126,237,11151,1223,8090.5,108.5
,4-6L,584,3959,65,50608,219,82.5,169,594.5,170.5,45,1860,125,105,315,111,48,254,198.5,190,84,253,17537,282,354,425.5,970.5,87,73,15319,3583.5,169,93
,4-6L,549.5,4939,110,49475,162,56,109,528,123,66,2090,123,77,197,159,67,279,308,227,82,198,20077,301.5,354,384.5,992,89.5,75,17365,2983,152,81
,4-6T,741,8692,53.5,1583,138,77,151,94,99,91,3361,66,79,172,152.5,46,790,134,164.5,70,106,44976.5,375,1410,171.5,789,163.5,2638.5,15573.5,329.5,26646,95
,4-6T,648,6188.5,62,1334,103.5,75,167,107,79,75,2837,73,98.5,127,149,55,682.5,124,155,74,97.5,41992.5,337,1143.5,143,816.5,127,1969.5,15821,312.5,24911,83
,4-7L,109,163.5,48,27502,238,75,97,139,88,67,176,81,116,103,97,41,96,154,131,55,105,326,182,122.5,411,889.5,70,51,1859,668,97,81
,4-7L,142.5,183,46,25535.5,182,86,143,152,95.5,73,833,53,136.5,125,103.5,48.5,144.5,135,162,72,117,3403,235,219,764.5,1178,63,53,1934.5,525,131,89
,4-7T,413.5,17873,55.5,7268,182,78,101,281.5,92.5,510.5,750.5,93,111,142,133,47,373,111,176,111.5,80,46086.5,298,2331.5,1728.5,1054.5,160.5,2348.5,18712,2923,7171.5,127
,4-7T,527,18232.5,59.5,7824,195,103,119,281,95,691,834,100,115.5,152,163,52,485,128,153,83,106,52112,301,2668,1929,1023,171,2945,20377.5,3156,7966,132
,4-8L,128,113,37.5,7063,83,47,101,150,62.5,37.5,80,34.5,80,47.5,85,45,127,42,54,40,72,289.5,138.5,219,77,102.5,35,47,618,205,55.5,58.5
,4-8L,94.5,108,31,4120,61,51,59.5,116,53,46.5,288.5,64.5,47,100.5,66,43,70,74,57,45,50.5,517.5,87,467.5,62.5,178.5,66,62,1032,103,67,58
,4-8T,128.5,106,50,174.5,60,38,102,2065,243.5,183,237,65,68.5,72,107,43,186,62,141,51,587,658.5,138,51,54,809,79,31,51.5,179.5,698.5,76
,4-8T,432,10638,37.5,1242,118.5,75,94,64.5,76.5,99,1214,71,99,122,131,42,446,114,119,81,89,42652,185,854,136.5,818,125,381,11015,610,15408,67
,4-9L,3817,6843,47,77208,274,83,110.5,138,119,91.5,2719,87.5,109,165,190.5,45.5,386,216,200,80,143,16347,291,890,806,1187,82,70,20493,6881.5,263.5,123
,4-9L,1879,4788,46,83059.5,292.5,86,94,104,85,58,2677,99,100,135,160.5,45,388,165,151,70.5,95,1031,292,659,913,1037,54,47,18654.5,2133,214,106
,4-9T,1527.5,3881,331,4977,359.5,223,6152,62520,3270,9057,4387,410,365,662,809,329,804.5,343.5,734,122,15156,12807,4892,252,1939.5,1161,1015.5,537,262,4076,10528.5,788
,4-9T,394,12382.5,62,650,108,40,96,70,85,103,647,74,103.5,160,106.5,45.5,452,110,96,83.5,70,43276.5,228.5,1652,847,797,102,347,13522,2008,4756,91.5
,5-1L,4011,17487,63.5,114447,261.5,128,91.5,298,89,915,3385.5,80,80,192,141,57,1372,161.5,149,84.5,122,20493,487,1273,534,1017,68,63,21303,6037,212,181.5
,5-1L,3622,13967,63,122565.5,255,127,102,312.5,94.5,1147,3444,84,98,235,185,41,1261.5,155,232,115,157,19661,443,1154,546,895.5,97,70,20990.5,5789,243.5,183
,5-1T,69,42.5,36.5,60,48,42,35,35,79,36,63,65,64.5,72.5,53,45,50,70,124,63,46,52,55,47,43.5,734,41.5,45.5,41,55,36,65
,5-1T,2076.5,21094.5,53,9492,136,67,202,216,139,494,7381.5,99,54,170.5,111,56,926,129.5,147,104,88,48388,1024,1328,609.5,733,244.5,1678,15057,3330.5,10370,111
,5-2L,894.5,413,47,82366,190,1879,124,154,102,239,1260,68,104,147,161,42,556.5,220,122.5,55,73.5,5891,259.5,1107,790,1096.5,83,59,20620.5,5441,185,130
,5-2L,794.5,5065,74,74779,271.5,1493,120,207,84,316,1677,80,115,225,199,51,746,204,142,90.5,84.5,34787.5,317,1433,634,1327,89.5,67.5,24379,3091,186,108.5
,5-2T,816,18452.5,48,4289,82,57,80,126.5,72.5,507,602,89,72,124,88,24,406.5,92,129.5,105,64,41703,304.5,2495,325,808,105,459,17831,2346.5,6040,70.5
,5-2T,799.5,18782,58,4470.5,118,58,94.5,118,59,586,489,65,93,123,102,46,563,68.5,116,96.5,90.5,45901,312,3044,358,747,125.5,546,16692.5,2512,6583,90
,5-3L,4985,16210,109,90195.5,370,79,108,437.5,155.5,744,2554,94,112,264,179,77.5,1009,294,243,116,206,20933,617,912,527.5,1040.5,109.5,96.5,14225,4312.5,223,151
,5-3L,2082.5,8171.5,142,21149,436,114,530,479.5,223,615.5,2296.5,102.5,171,472.5,298.5,74,791.5,383,414,93,252,11664,640,1093.5,512,1118,127,155,17766,1802,236,154
,5-3T,3190,21418,67.5,30185,201.5,74,183,196,114,457.5,1437,71.5,77,223,176.5,51,1082.5,156,119,105,101,56507,640,3665.5,839,833,285,138,17756,3079,7178.5,135
,5-3T,1794,21164,73,24171,191,57.5,128.5,195,121,270,1408,78,83.5,173,142,45,682,121.5,134,110,94,56275.5,528,3754,728.5,760,205,109,19475.5,3551,5948,125
,5-4L,1409,17174,134,101471,185.5,87,114,987.5,192.5,1126.5,4709.5,128,142,327.5,169,65.5,1467,395,225,112,243.5,32451,603.5,1712,599,962,122.5,104,24818,4547,161.5,167.5
,5-4L,1227.5,18018,135,106236,188,94,87,870,161,988,4242,108.5,127,282,161,68,1594,316.5,209,98.5,266,32671,518,1812,581,1011.5,116,122,21580.5,4481,158,162
,5-4T,2100,19198,78.5,22529,143,66,142,206,144,615,1509.5,79.5,98,183,120,51,972,147,159,93,93,56298,594,2562,851,819,371.5,239,19047.5,2595,10561,126
,5-4T,1137,14405,88.5,15625,141,76,93,133,103,259.5,1202.5,67,101,164,115,41,669.5,138,123,89,83,50631.5,502,2323,502,776,260,186,16648,2518,7163,95.5
,5-5L,2659,12362,50,48689,173.5,69,125,307,95,958.5,2611,76,132,203,136,49,926,170,219,81.5,103.5,16790.5,424,1341.5,702,949,79,79,20401,1948,235.5,101
,5-5L,2774,15184.5,63,96614,201,66,118.5,338,96,1004,2495,85,146,202,161,47,973.5,173,180.5,86,115,16822,382,1311,665,1028,87,75,21673,4217,232,88
,5-5T,544.5,19175,49,4286.5,135,66,116,138,98,339,732,87.5,101,123,125,48,718.5,117,144,83,98,46780.5,331.5,2596.5,543.5,729,317,133,17408,1781,4111,86
,5-5T,737,17301.5,58,4753.5,125,57,95.5,162,94,310,882,74,108,104.5,93.5,28,890,130,130,87,81,47602,348,2403,637,772,356,129,15990,1940,4486.5,89.5
,5-6L,1160,18608,96,125758,325,88,131,497,136.5,1984,4921,98,148,296,193,72,1484,295,208.5,100,192,23014.5,640,3006,1287,1102,89,79.5,27687,5844,261,149
,5-6L,1276,19209.5,106,129782,293,90.5,93.5,516.5,124,1931.5,5084,79.5,123,254.5,194,58,1473.5,252,265,97,161,24356,589,3163,1416,1174,97,82.5,25906,6046,269,155
,5-6T,803,18897,87,17757,154,79.5,122,241,134.5,396.5,669,99.5,98,195,147,34,857,144,146,80,155,49845,275,2380,605.5,802,206,71.5,17006,2452,4495,104
,5-6T,816,20250,60.5,16640,150,81.5,150,211,142,349,667,62,86,170,142,39,769,130,154.5,77,86,48781.5,308,2103,620,814,162,77,17415,2483,4661,95.5
,5-7L,1878,20192,77,144227.5,265,91,103,757.5,106,5637,6720.5,91,132.5,283.5,212.5,59.5,1484,253.5,224,95.5,122,25813,561,4127,1401.5,1166.5,114,100.5,23963,6541,168,174.5
,5-7L,2080,20898,67,143707,246,102.5,99,625,115.5,5287.5,6869,88.5,121,339.5,185,52,1499,266.5,230.5,98,129,29745,603,5102,1266,1112,125,99.5,25744,6449,153,143
,5-7T,392,9226,48,1178,79.5,69,100,98,84,75.5,1187,78,97.5,125,125.5,26,353,104.5,145.5,60,74,46167,154,761,128,774,101,341,12149,652.5,13473,91
,5-7T,555.5,21187,76,26611,117.5,54,126.5,231.5,113,737.5,526,71.5,85.5,175,112,40,735,120,120.5,91.5,68.5,48480,320.5,2830,2183.5,1007,221,161,19822.5,3221,5099,118.5
,5-8L,1137,15881,50,78156,196.5,69.5,97.5,253,70.5,657,2501,87,126.5,181.5,135,19,855,125.5,158,77,81,18250.5,313.5,1080,728,1093.5,66.5,61,21048,3887,205.5,96
,5-8L,1310,16759,53,80122,178.5,81.5,107,292,96,846,2444,81.5,126,164,132.5,44.5,927,148,206,113,112.5,20852,346.5,1352,779,1134,80.5,78,23037.5,4118,178.5,81
,5-8T,410.5,12530,62,689,131.5,74.5,69,63,88,79.5,619,85,94,121,102,43,459,102,93,85,90,45381,201,1634,926,754,131,373,12916,2059,4941,79.5
,5-8T,1375,16245.5,77,9015,119,81,167,162,114.5,195,1342,70,73.5,98,156,27,772.5,121,100.5,95,76,52100.5,395,2049,304,864,452.5,558,14187,1269,15561,109.5
,5-9L,2015.5,17954,106,112643,257,85,116,721,139,1002,6691,88.5,339,270,225,68,1887.5,262,249,92.5,186,38928,533,2697,815,916,94.5,70.5,23616,5237.5,239,159.5
,5-9L,1442.5,16055,71,107925,192,66,113,680,86,777,5675.5,81,258,244,158.5,56,1480,237,178.5,115.5,156,35343,482.5,2035,618,983,83,78.5,20979,4835,183,145
,5-9T,1816,19429,71.5,8433,133.5,76,210,197,143.5,524,6802.5,76,75,131.5,120.5,51,934,141,151,78,98.5,45936,1020,1485.5,597.5,890,244,1832.5,14922.5,3510,10316.5,97.5
,5-9T,2013,14430.5,75,10818.5,133,62,183,172,99,331,6945,91,91,156,161,58.5,996,132,168,62.5,94.5,61560.5,1385,2124,405,777,277,2897.5,17377.5,1332,10699,79
,6-1L,1441,13949,62,64336,185,70,92.5,588,104,1391,1680.5,89,166.5,172,154,47,1489,192,151,78,110.5,23639,311,640,241,900,87,76,19776,3670.5,157,106
,6-1L,1505.5,14648,62,63538,176,66.5,74.5,508,100,1330,1486,73,181,168,130,64,1472,194,158,82,139.5,22066,306,631,233,835.5,57,68,20192,3523.5,170,111
,6-1T,9412,18184,80.5,9396,323,169,544,613,399,695.5,29259,67,119,169,135,77,2227,180,671,98,143,60022,6669.5,4233,6192,1839,493.5,79405.5,22563.5,3133,9680.5,244
,6-1T,8960.5,16901,74,8995,348,141,565,636,420,743.5,32706,91.5,130,196.5,101,99.5,2395,183,768,103,114.5,58588,6628.5,4143,8090,1665,515,78538,22089,3135,8505,246
,6-2L,2354,18561,40,91560,213,78,124,485,112,563.5,3481.5,89,121,312,185.5,63.5,1791.5,230,185.5,85.5,117,30948,538,2212,867,1127,90,74,23685,5783.5,246.5,156
,6-2L,2014.5,16947,59,87674,204,73,123,423,111,524,3124.5,69,111,239.5,146,60,1713,189,217.5,82,116,29398,491,1936,769.5,1107,83,58.5,21465,5055.5,219.5,152
,6-2T,2516,16113,64,10269,229,144,164,222,118.5,248.5,5825,96,122,165,165,53,1113,130,277,101.5,107,55905,1686,2544,1813,1015,354.5,38245.5,26229,2218,15648,173.5
,6-2T,2643,16929,54,10412,222,126,164.5,202,97,254,7750,51,109,175,135.5,71.5,1030,151,232.5,86,72,54194,1571,2108.5,1990,1025,341,35944,23454,1899.5,16017,135
,6-3L,1784,16493,97.5,117280.5,182,84,110,508,132,1302,3863.5,94.5,164.5,239,155,66.5,1496.5,304,207,87,198,27617,499.5,1811,626,993,87.5,80,22691,3991,190,146
,6-3L,1713,16176,111,117361.5,168.5,85,96,581.5,119,1340,4042,113,174,288,173,60,1447.5,346,211,77,231,28404,514,1809.5,623,979.5,104.5,77.5,23153,3825,203,158.5
,6-3T,2697,12924,69,10575,225.5,132,139,150,66,245.5,1846,60,101,153,93,43.5,361.5,108,139,65.5,66,47358.5,441,919.5,1957,1189,124,7613,10629,1322,8561,121.5
,6-3T,2282,9948,45.5,8554,181,103,159,134,58.5,197,1504.5,71,88,151,96,55,304,84,183,86.5,77.5,43461,334,753,1192.5,1143,134,5137,9304,1056,6597.5,100.5
,6-4L,1654,18182,75,125029.5,189,69,143,629,103.5,1804.5,6014,73.5,123,260,143.5,47,2494.5,223,152.5,93,133.5,37494,577.5,2914,719,1017.5,81,64,20863,4338,173,125
,6-4L,1885,17213.5,86,127053,167,76,78.5,609,99,1664,5065,85,129,255,150,58,2260,230.5,178,94,116,38234,559,2635,451,1028,70,62,20458.5,4408,186,131.5
,6-4T,2270,19406,83,20933,204,110,241,159.5,122,1282,4242,98,77,171,148.5,57.5,1263,131,238,98,81.5,60508,710.5,7908,2728,1071,971,39621.5,23940,2724,13733,207
,6-4T,1691.5,16385,73.5,18152,224,105,239,149.5,103.5,853,3363,79,83,191.5,130,62,976,136.5,266,102.5,79,54448,548,5224.5,1976,881,728.5,30242.5,20331,2005,11395,188.5
,6-5L,3448,19626,74,93168,291,90,109.5,349,72,2690.5,4342.5,81,139,214,184,53.5,1076,150,152,111,114,22945,570,2673,978.5,1266,59,75.5,25975,5045.5,220,124.5
,6-5L,2983,18229,62,90727.5,293,103,121,320,92,2139,3586,97,132,216,186,46,993.5,161,218.5,110,112,22089,476.5,1966,807.5,1158,111,87.5,22725,4526,195,103
,6-5T,1901,15748,58.5,8709,232,143,203,225,100,375,4690,82,92,191,139.5,61,933.5,138,264,88,85,58426.5,943,3855,1099.5,867,429,32543.5,22713.5,935.5,18081,145.5
,6-5T,1589,14304,76,8518,266,96,187.5,158.5,111,280.5,4387,82,89,170,152,49.5,712,129.5,228,69.5,89.5,58889,1055,3784,761,803,417,32278,22945,900,15333,126
,6-6L,2147,16903,61,89443.5,224,78.5,106,612.5,108.5,981,2981,85,139.5,229,140,51,1501.5,151,200.5,100,92.5,25096,329,1843.5,1317.5,1119,82,52.5,24621.5,5164,242,150
,6-6L,1512,12917,51.5,80365.5,187,61,144.5,452,75,123,2138,94,143,162,101.5,53,293,121,126,65,93,1056,239,1098.5,800,1032,70,60.5,19175,2865,139,112
,6-6T,481,21060,40,26229,117.5,63,121.5,183.5,90.5,660,512,92,78,117,107.5,55,657,113.5,123,83.5,94,46630,257,2544,1710,917,245,154,20505,3110.5,4470,101
,6-6T,679,12820.5,44,8989,171,69,137,136,67,161,873,90,96.5,120,104,51,473,106.5,147,71,66,52806,240,1644.5,852,803,403,10308,17860,1682.5,6375,98
,6-7L,1302.5,16372.5,101,109717,298.5,117,117,337,125,1022,4033,101,181,259.5,209,46.5,1513,255,198.5,113.5,141,36013,479,2112,841,1234.5,95,106,22366.5,5511,262,182
,6-7L,1246,17615,88,111995,533,91,101,341.5,105,1091.5,4333,111.5,161,231,174,61,1573.5,241,236,92.5,144,38465,471.5,2408.5,879,1149.5,109,94,23893,5452,239,190
,6-7T,1752,15860.5,73,9368.5,148,76,190,149,101.5,222.5,1379,107.5,81.5,159,121.5,55.5,873,68,109,98,97,52413,386,2268,358,818,475,556.5,14107,1593,16143,98
,6-7T,240.5,14080,38,2826.5,128,112,87,107,82,118,279,71.5,121,96.5,113,77,361,73,108,69.5,73,11598,148,658.5,328.5,937,112,279,2937,1510,241,103
,6-8L,4915,20377.5,108,137658.5,432,100,112.5,445,91,1674.5,6554,105,115,324,162,55.5,2142,288,300,86,215.5,29930,774,3558,1469,1406,122,101.5,22205,5443,302.5,169
,6-8L,4942,20077,94.5,146274,400.5,120,101,459.5,100,1848.5,6778,109,131,298.5,217,71,2163,312,234,108,187.5,30635.5,725,3707,1463,1350,126,107,22135.5,6039,296.5,180
,6-8T,1761,12957,60.5,10580.5,146,75,180,206,124.5,297.5,6397,96,128.5,179,162.5,72,975.5,107.5,116,90,94,57709,1112,1851.5,430.5,772,333,2563.5,15059,1380,9945.5,82.5
,6-8T,3803,15601.5,57.5,28866,264,192.5,401,146.5,85,670,3870,88,68,163,97.5,45,1164.5,131,180,114,96,52031,843,3525,2462.5,1235,310.5,26507,15614,1924,10557,178.5
,6-9L,1535,17753,151.5,114470,328,103,194,856.5,174,1502,6244,115,384.5,319.5,257,69.5,2066,402,276.5,112,241,31619,506,2798,765,1227,122,77.5,21950.5,4869.5,283.5,221
,6-9L,1356.5,17113,98.5,117489,305,87,98.5,685,113,1315,5773.5,95,354,256,168,59,1862,275,208,100.5,148,31248.5,426,2423.5,751,1038,108.5,79,22228,5622.5,193,164.5
,6-9T,2250,18735,62.5,5187,212,118,171,217,64,616,1892,66.5,62.5,117,115,38,987,106,169,78,100.5,49012.5,708,2319,1058,834,352,11405,19938,2117,8688,132
,6-9T,2640,19926.5,67,5279,245,81,199,227,88,745.5,1956,54.5,74,152,137,40,1143,129,139.5,127,67,53985,654,2646,1020.5,835,442,13496.5,21950,2119,9382,109.5
